Bernard,Newton,5-1 Andrea Drive,Canton,MA,00001
Bernard,Newton,5 1 Andrea Drive,Canton,MA,00001
Bernard,Newton,5-1 Andrea Drive,Vancouver,ON,A1B2C3
Bernard,Newton,5 1 Andrea Drive,Vancouver,ON,A1B2C3
Bernard,Newton,2 1/2 Main St,Canton,MA,00001
Bernard,Newton,2.5 Main ST,Canton,MA,00001
L,Soloman,5773 Oyster Catcher Rd.,Green Bay,MA,07234-7874
Peggy,Tennison,1045 Bush Avenue,Wilmington,RI,07452-1658
Kyle,Patterson,9187 Queens Rd.,Youngstown,VA,76109-0565
Peggy,Tennison,1045 Bush Ave,Wilmington,RI,07452-1658
Kyle,Patterson,9187 Queens Rd.,Youngstown,VA,76109-0565
Low Moon,Senden,778 Devonshire,Lincoln,MD,07454-5470
Sparrow,Tracy,5328 Baynard Park Rd.,Kansas City,VT,76167-4369
Theo,Wells,7498 River St.,Norfolk,RI,90763-6169
Robert,Laffitte,6238 Dolphin Pt.,Hudson,MA,78529-0109
Sunny,Nyman,1634 Queens Rd.,Stillwater,CT,07492-1272
Alex,Short,7797 Bear Creek Rd.,Muskegon,RI,76183-2129
M,McAleer,3706 Wood Duck Rd.,Morristown,RI,90969-6523
Austin,Stewart,1141 Port Tack,Flint,CT,43292-1412
Randolph,Abbot,5149 Live Oak Rd.,Morristown,MA,74383-6189
Rita,Payne,1771 Fiddlers Cove,Boston,RI,98149-8329
Woody,Reeves,2128 Pinto Ct.,Hudson,OH,78701-4965
Hector,Hesse,4624 Headlands Dr.,Colorado Springs,ME,07638-7258
Allison,Bevis,8382 Scarborough Head Rd.,Elmira,CT,76307-4987
T,Pitts,4072 Squire Pope Rd.,North Platte,MA,90981-0301
Wallace,Fennell,7087 River St.,Denver,MA,43298-7452
Shelly,Tanner,2910 Windflower Ct.,Neward,ME,54967-0541
Earl,Farmer,7331 Spindle Ln,Kansas City,CT,74563-4765
Cardio,Trix,7336 Captains Cove,Des Moines,MD,90305-2143
Brendaline,Newton,1664 Queens Grant,Chapel Hill,VT,01498-9654
Karla,Lane,308 Stones Throw Dr.,Wilkes-Barre,ME,10145-2969
Horace,Kuechler,8355 Wren Dr.,Huntsville,CT,47298-9452
Bonzo,Hamilton,3858 Branchwood Rd.,Wilkes-Barre,CT,98181-8341
Grant,Sumner,6465 Wren Dr.,Douglas,MA,81218-1074
Melinda,Wilson,755 Wood Duck Rd.,San Antonio,NH,49690-3830
Brennen,Shepard,1115 Phillips Hill Rd.,Gastonia,VT,38545-6903
Alan,Findley,8910 Surf Ct.,Bakersfield,CT,76787-2789
B,Coupe,9048 Lamb St.,Philadelphia,CT,78967-2165
Terrence,Mayfaire,8295 Sailmaster,Memphis,MA,07658-3492
Henry,Sellers,6646 Oyster Catcher Rd.,Columbia,MA,58109-8967
Fran,Orton,5239 Mayflower Dr.,Fort Myers,RI,09036-5418
Cassina,Christopher,9818 Surf Ct.,Ann Arbor,RI,58741-2965
Theodore,Hesse,3339 Kingston Rd.,Chapel Hill,RI,09234-1074
Fuzzy,Jude,7020 Dogwood Dr.,Milwaukee,MA,96329-0743
Richard,Canady,1011 Spindle Ln,Tyler,MA,76327-6941
Henry,Kidd,2058 Woodhaven Dr.,Worchester,RI,90987-8781
Geoff,Brennan,5820 Shorewood Dr.,Anaheim,CT,18903-6383
Arnold,Player,8643 Palmetto Bay Rd.,Knoxville,MA,43418-7650
Coliton,Tripp,4031 Ocean Walk,Key West,CT,58947-8321
Kendall,Baxter,4827 Lands Ends Ct.,Evansville,RI,81670-5630
Carmen,Small,1861 Fish Haul Rd.,Erie,MA,36341-6521
Melissa,Kitty,2040 Bear Creek Rd.,Lansing,CT,14725-0143
Bell,Palmer,541 Sharon Amitty,Atlanta,RI,45810-9870
Beverly,Adams,1355 Beach Lagoon Rd.,Neward,MA,56101-8169
Boyd,Mayfaire,1387 Yellow Brick Rd.,Moorestown,ME,12925-6301
Ray,Park,8728 Beach Lagoon Rd.,Houston,VT,74569-2589
Hogan,Jeffcoat,7062 Captains Cove,Amarillo,VT,90327-6107
Jennifer,Walter,2112 Mariners Way,Los Angeles,MA,45298-1852
Melody,Robbins,183 Tanglewood,Raleigh,VT,30105-0187
Sandra,Clark,608 Glenealge Rd.,Dayton,NH,01610-1056
Richard,Fender,7803 Phillips Hill Rd.,Schnectady,RI,09272-3832
Harry,Cooper,6117 Bush Ave,Shreveport,MD,10187-8963
Brettsyn,Wilson,9573 Habernathy Way,North Platte,NY,47432-9276
Dan,Bishop,1186 Deer Run,Tryon,CT,89052-1258
Lars,Soloman,3527 Trails End,Manhattan,NY,98187-8343
Sharon,Wade,3562 Outpost Ln.,Jekyll Island,MA,41494-1074
Loraine,Raven,3780 Dogwood Dr.,Athens,ME,81272-7054
Alden,Starzec,107 Sharon Lane,Chatanooga,MA,65854-5476
Evina,Stewart,9249 Chimney Cove,Flint,NH,49698-1034
Blue Moon,Pierce,8796 Oakmarsh Dr.,Hackensack,MA,21416-5634
Andrea,VanAuken,9014 Red Dam Dr.,Tulsa,CT,38705-2741
D,MacNeal,3675 Ilse of Pines,Akron,CT,25072-9278
Patrick,Calf,9976 Shorewood Dr.,Valdosta,MA,76989-0785
Jean,Rhoad,2820 Hickory Cove,Atlanta,CT,96945-2349
Wendy,Vanderbilt,2656 Surf Court,Columbia,MA,78989-2769
Carolyn,Bilinski,7685 Surf Court,Waycross,ME,07850-9252
Philip,Shannon,2883 Indian Springs,Valley Forge,ME,58327-4981
Sheldon,Horton,696 Heron St.,Douglas,ME,09036-9254
Kit,Tanner,309 Heath Dr.,Vancouver,MA,58769-4969
Duane,Hyatt,1126 Edgewood Dr.,Joplin,MA,12745-2767
Clifton,Elkins,2802 Deer Run,San Fernando,ME,45034-3872
Peter,Twisdale,6241 Edgewood Dr.,Hackensack,MA,09234-1892
Enzo,Tyson,556 Rice Lane,Moorestown,MA,87476-3214
Bo,Winters,8232 Palmetto Bay Rd.,Birmingham,CT,96745-8723
Kisoo,Hamilton,4904 Wisteria Lane,Lexington,RI,96543-2341
C,Howell,9282 Rusty Rail Ln.,Kansas City,MA,76327-8129
Denise,MacNeal,6141 Abbington,Fort Dix,CT,27654-7018
Manuel,Mayfaire,5138 Belinger Hill,Cleveland,NY,92103-8305
George,Bonner,2105 Wood Duck Rd.,Allentown,VT,76587-8149
Cassina,Shoemaker,4835 Mockingbird Ln.,Ithaca,MA,21074-9296
Wiley,Morse,5751 Yellow Brick Rd.,Statesboro,RI,43634-1238
Jay,Roe,8829 Misty Morning Dr.,Thomasville,MA,61412-9672
Jackie,Park,8508 Fallen Arrow Rd.,Shreveport,ME,83034-3270
Harry,O'Leary,7038 Nautilus Rd.,Asbury Park,RI,36347-6927
Turk,Boni,9308 Yellow Brick Rd.,Vancouver,MA,32543-2501
H,Snow,1978 Lands Ends Ct.,Scarsdale,CT,56707-6547
Luther,Jacobs,4473 Bush Ave,Tampa,ME,14741-8767
Taylor,Potente,3479 Lamb St.,Cleveland,NH,10721-4501
Edwin,Garrity,9217 Big Woods Dr.,Kalamazoo,MA,03674-5810
Page,Robbins,9827 Compass Pt.,Boston,VT,45832-1034
Jethro,Pinckney,4078 River St.,Duluth,MA,56349-0787
Patsy,Hodge,2618 Mason Dr.,Minneapolis,VT,12969-0343
Alan,Ulmer,1156 Dewberry Ln.,Columbus,VT,29210-7030
Giorgio,Marble,848 Indian Springs,New Rochelle,ME,74709-2901
Martin,George,2768 King Street,Eureka,MA,90503-4507
Fletcher,Myers,3525 Live Oak Rd.,Tampa,CT,45438-3016
Brett,O'Leary,6463 Sea Olive Ln,Tryon,MA,30369-6747
Sandra,Clark,608 Glenealge Rd. POB 356,Dayton,NH,01610-1056
Eugene,Strait,5767 Maplewood Ct,Elmira,CT,09436-3212
Andrea,Kelly,6292 Cliff Ct.,Springfield,NH,10343-6509
Thaddeus,MacLean,9904 Hickory Street,Asheville,MA,47436-9094
Andrew,Abbot,3038 Spindle Ln,Marion,MA,89072-7292
Wallaby,Findley,1732 Mockingbird Ln.,Melbourne,ME,63612-9470
Saul,Ray,2709 Audubon Place,Topeka,MA,30947-2701
Katrina,Hyatt,9655 Deer Run,LaGrange,CT,01698-1256
Hogan,Register,7054 Teal Ln,Athens,NH,16381-0165
Phil,Joy,209 Chimney Cove,Evansville,VA,98301-4569
Sam,Palmer,5203 Yellow Brick Rd.,Atlanta,CT,41496-9450
Lorla,Railey,41 Cutter Ct.,Columbia,RI,01018-3094
Dennis,Epner,7006 Sharon Amitty,Fort Pierce,MA,81294-3296
Wallace,Kannick,747 Rusty Rail Ln.,San Antonio,RI,23414-3632
Terry,Owens,1850 Tanglewood,Joplin,MA,63032-3072
Bondy,Horton,6118 Spindle Ln,Spokane,MA,92161-2329
Hank,Hillyer,9667 Trails End,Moorestown,VT,65874-3474
Jethro,Sand,9069 Acorn Ln.,Dallas,CT,85870-9498
Theodore,Thayer,634 Misty Morning Dr.,Wichita,MD,49836-5438
Gordon,McCracken,6521 Bear Creek Rd.,Fayettebille,MA,21438-3838
Luke,Henry,1815 Live Oak Rd.,Madison,MA,38725-0321
Wiley,Vanderbilt,275 Oyster Catcher Rd.,Waco,RI,83216-7692
Fran,Robinson,1572 New River Rd.,Asheville,CT,25076-3296
Patrick,Calf,9976 Shorewood Dr.,Valdosta,MA,76989-0785
Evina,Audet,3345 Live Oak Rd.,Joplin,ME,96961-0323
Roxanna,Tanner,8112 Fox Den Rd.,Dayton,VA,54547-4329
A,Williams,4647 Mockingbird Ln.,Corpus Christi,NY,09852-3074
Davit,Jernigan,7270 Stones Throw Dr.,Louisville,RI,81030-7652
Cole,LaRue,8190 Lighthouse Rd.,Rockford,CT,49476-3416
K,Payne,5792 Mason Dr.,Marietta,VT,76749-8521
Taylor,Horton,3027 Elmwood Ct.,Douglas,VT,07872-9438
Neil,Nettles,9118 Springwood Ln.,West Palm Beach,RI,58561-8549
Jackie,Volkhardt,8500 Woodhaven Dr.,Dayton,RI,09098-7238
Dan,LaRue,7970 Sailmaster,Abilene,VT,58941-4107
Maurice,Hill,9758 Baynard Park Rd.,Moultrie,MA,36121-6705
Janmes,Applegate,8424 Teal Ln,Fort Worth,VT,12747-2507
Rochelle,Stuckey,254 South Beach Lane,Albany,CT,45052-9698
Amy,Clay,9555 Windflower Ct.,Pensalcola,MA,29890-9470
P,Twisdale,6241 Edgewood Dr.,Hackensack,MA,09234-1892
Enzo,Tyson,556 Rice Lane,Moorestown,MA,87476-3214
Kit,Hand,1625 Cypress Marsh,Lexington,MA,21294-7414
Bo,Winters,8232 Palmetto Bay Rd.,Birmingham,CT,96745-8723
Cecil,Merritt,1492 Bear Creek Rd.,Lake Charles,RI,12567-6543
Harlo,Wilson,7682 Otter Rd.,North Platte,PA,43838-1616
H,Mathews,7402 Chimney Cove,Dallas,MA,87412-5276
C,Taylor,708 South Beach Lane,Lake Charles,ME,96581-0345
Evina,Shepard,7448 Calibogue Cay,Pensalcola,ME,27298-3652
Ralph,Taylor,1723 Pope Greenwood,Pensalcola,RI,76523-0321
Sandra,Clark,PO Box 356,Dayton,NH,01610-1056
Burt,Evans,3133 Oakmarsh Dr.,Battle Creek,RI,10569-4729
Jana,Huntly,3689 Surf Court,Dallas,VT,29032-1412
Cecil,Washington,1048 Main,Elizabeth,CT,63474-9414
Amy,Huggins,6889 Moonshell Ln.,Aurora,MA,61830-3090
Manuel,Mayfaire,5138 Belinger Hill,Cleveland,NY,92103-8305
Mario,Ward,9033 Compass Pt.,Ashboro,NY,83078-9254
Alice,Morse,5311 Marshland Rd.,Statesboro,RI,49470-1432
Gail,Briggs,1488 Cypress Marsh,North Hollywood,ME,76709-4543
Jim,Clay,3473 Squire Pope Rd.,Dallas,NH,21094-5272
M,Brumbaugh,8048 Elmwood Ct.,Boston,CT,43670-5294
M,Brennan,803 Cypress Marsh,Youngstown,MA,27056-7852
B,Clemens,9109 Quincy Ln,Athens,NH,61490-9278
J,Park,8508 Fallen Arrow Rd.,Shreveport,ME,83034-3270
A,Myers,5721 Springwood Ln.,Des Moines,CT,49450-5856
Shoe,Tanner,7757 Sharon Rd.,Lansing,CT,49294-5476
Leo,VanAuken,7594 Wildwood Rd.,Hampstead,NJ,36583-8923
Edwin,Tanner,6931 Ocean Walk,Topeka,PA,32569-0565
Kyle,River,2790 Heath Dr.,Cicero,NY,92941-6967
Wilbur,Eastwood,2600 Towhee Rd.,Asbury Park,CT,36789-0905
Turk,Snow,222 Hunter Dr.,Louisville,NH,56749-4501
H,Pitts,2451 King Street,Sacramento,CT,94769-8941
Tootsie,Parker,614 Oak Ave.,Norfolk,MA,14787-2761
Rand,Sparkman,5277 Nautilus Rd.,Chatanooga,CT,32787-0981
Raymond,Robinson,3212 Admirals Row,Evansville,MA,10723-8323
Brownie,Nettles,3341 Mayflower Dr.,West Palm Beach,RI,50903-6301
Charlotte,Mauney,3014 Lillien Rd.,Milwaukee,MA,72725-8149
Julia,Bishop,6388 Lakeshore Dr.,Columbia,NH,89632-5014
Hal,Mayfaire,4343 Pinto Ct.,Grand Rapids,MA,03678-9638
Warren,Wilson,6127 Oakmarsh Dr.,North Platte,RI,45890-9214
Bruce,Anderson,2389 Palmetto Bay Rd.,St. Simon's Island,MA,56549-4325
Lawrence,Jacobs,2447 Oyster Catcher Rd.,Shreveport,CT,14321-2545
Byron,Whitney,2633 Abercorn Circle,Bakersfield,RI,29256-5814
M,Curtin,5591 Heyward St.,Paducah,MD,63656-5678
S,Burr,259 Kingston Rd.,Knoxville,ME,94165-6947
Kerry,Starzec,6525 Audubon Place,New York,CT,69496-5858
Alice,Tuttle,1265 Calibogue Cay,Austin,VT,74747-8701
Martin,George,2768 King Street,Eureka,MA,90503-4507
Norbert,Austin,5940 Turtle Ln.,Van Nuys,MA,36903-6349
Katrina,Mullen,1021 Heron St.,Augusta,OH,56763-8349
Isaac,Sharp,8384 Spindle Ln,Aurora,NH,94987-0341
A,Tanner,1374 Sprunt Pond Rd.,Nashville,NH,45636-9836
Stan,Thayer,8302 Deerfield Rd.,Wichita,RI,41070-7234
Tyler,Dooley,6498 Rookery Way,Kalamazoo,NH,30387-2525
Laura,Senden,1218 Beach Lagoon Rd.,Lincoln,RI,01616-5296
Edward,Hyatt,6058 Otter Rd.,Los Angeles,ME,14983-8543
Chris,Bailey,2385 Deerfield Rd,Kansas City,MA,09654-5618
Rudy,Laughlin,2316 Dogwood Dr.,Ashboro,PA,34385-2563
Bridgette,Whitney,2548 Marshland Rd.,Evansville,ME,12345-2161
Bobby,Rice,3524 Maplewood Ct,Abilene,VA,32183-0787
Howard,Sanders,#5061 Queens Grant,Minneapolis,CT,10509-2367
Isaac,Sauls,7019 Fish Haul Rd.,Rome,VA,47632-5258
Bosta,Offil,6824 New River Rd.,Montgomery,MA,89078-5094
Jerry,Roe,991 Bow Circle,Laredo,VA,63630-5450
Sorbert,Marble,2218 Main,Salisbury,RI,69092-1838
Elaine,Howard,470 Marshland Rd.,Tryon,CT,32943-0361
Max,Evans,9686 Armada,Battle Creek,NJ,10927-2967
Helga,Anderson,7726 Trails End,St. Simon's Island,MA,30965-4745
Floyd,Myers,3946 Wild Horse Rd.,Houston,RI,50965-2163
Angie,Fletcher,9743 Stoney Creek Rd.,Duluth,MA,52105-8105
Gil,Chaffin,1961 Lillien Rd.,Americaus,MA,52301-2563
Ronald,Abblebaum,322 Pope Greenwood,Nashville,CT,72789-2763
Denise,Hyatt,8879 New Orleans Rd.,Tallahassee,RI,01698-5236
Jeremiah,Stokes,1135 Hope Rd.,Duluth,RI,89836-1036
Emerson,Patterson,8276 Admirals Row,Green Bay,OH,52583-4901
Irvin,Able,5718 Woodbine Pl.,South Bend,MA,16725-6963
Phil,Joy,209 Chimney Cove,Evansville,VA,98301-4569
Virginia,Patton,1868 Moonshell Ln.,North Hollywood,RI,03852-9236
Mickola,Joyce,6536 Oyster Reef,Knoxville,RI,41696-3812
Dominic,Hackett,2591 Compass Pt.,Cedar Rappids,MA,72967-0507
Red Feather,Lane,798 New Orleans Rd.,Arlington,MA,01214-9476
Gina,MacLean,4127 Mockingbird Ln.,Asheville,MA,47058-7858
Sadie,Payne,8949 Tanglewood,Urbana,CT,81412-1618
C,Swims,1301 Towhee Rd.,Fort Myers,MA,56549-6945
Janice,Joy,9853 Hunter Dr.,Dallas,CT,03058-5616
Wallaby,Tupman,2612 Palmetto Bay Rd.,Thomasville,CT,89872-9830
Boyd,Register,4117 Dolphin Pt.,Trenton,RI,14343-8587
Ray,Bateson,6442 Rice Lane,Lancaster,MA,23454-9434
Harry,Meyer,641 Devonshire,Fresno,MA,52989-2509
Villamere,Boni,9393 Oyster Reef,Utica,RI,29434-5454
Terry,Owens,1850 Tanglewood,Joplin,MA,63032-3072
Gordon,Ward,3306 Main,Wilkes-Barre,RI,92325-4707
Theodore,Marble,4244 Purrysburg Circle,North Platte,CT,67494-7052
Albert,Herndon,2029 Yellow Brick Rd.,Flint,CT,65896-1252
Brett,Huntley,1003 Waddling Rd.,Gastonia,VT,16923-2185
Luther,Adams,4917 Elmwood Ct.,San Fernando,NH,63854-7818
Jethro,Sand,9069 Acorn Ln.,Dallas,CT,85870-9498
Selma,Moody,6112 Admirals Row,Trenton,CT,94343-0587
Theodore,Thayer,634 Misty Morning Dr.,Wichita,MD,49836-5438
Rexford,Craig,4685 Calibogue Cay,Marietta,CT,18161-4381
Loo Loo,McCracken,4765 Fiddlers Cove,Rochester,MA,21470-1014
Keith,Tyson,9050 Maplewood Ct,Salisbury,CT,98345-8721
Jenks,Mauney,5835 Otter Rd.,Encino,RI,69650-3030
Mark,Faircloth,3825 Lands Ends Ct.,Van Nuys,NJ,38903-2103
Roxanna,Infinger,8597 Sweet Gum Ct.,Long Island,NJ,83432-9274
Thaddeus,Green,7174 Calibogue Cay,Utica,ME,25218-7898
Bernard,Newton,9332 Stoney Creek Rd.,Chapel Hill,MA,05650-9470
Hugo,Owens,3116 Kingston Rd.,Utica,ME,74903-8589
Doris,Bishop,5898 Spotted Sandpiper Dr.,Dallas,CT,90563-8507
Diane,North,8243 Duck Hawk Ln,Memphis,MA,78145-6587
Rose,Evergreen,1456 Misty Morning Dr.,Eau Claire,MA,43054-5072
Curtis,Sellers,5496 Sharon Lane,Topeka,MD,74321-0327
Rose,Infinger,979 Lillien Rd.,Toledo,RI,98105-6369
Natalie,Ranger,120 Sailmaster,Gastonia,CT,54561-4381
Julia,Hamilton,5039 Stoney Creek Rd.,Atlanta,NH,90161-0905
Matt,Hesse,267 Turrett Shell Dr.,Decatur,ME,01470-1850
Elaine,Dock,947 Lamb St.,Columbia,CT,09892-1272
Horace,Kuechler,8355 Wren Dr.,Huntsville,CT,47298-9452
Luann,Hancock,7983 Paynesville Rd.,Tallahassee,MA,81098-5498
Karl,Beebe,2642 Compass Pt.,Knoxville,NH,49616-3856
Francis,Babin,151 Hickory Cove,Tallahassee,CT,38521-6149
Craig,Lee,149 Dolphin Pt.,North Hollywood,VT,76781-6307
Cardio,Bumgardner,4622 Ocean Walk,New Rochelle,ME,56969-2741
Kristina,Walsh,3403 Cutter Ct.,Muskegon,MA,09030-5614
G,Sanger,3770 Baynard Park Rd.,San Diego,NH,58567-6705
Leo,River,5341 Ivy Court,Clover,NH,09214-5650
Tyler,Mack,6514 Captains Cove,Akron,MA,96189-4509
L,Daley,6546 Ivy Court,Evansville,NJ,18741-6367
Dan,LaRue,7970 Sailmaster,Abilene,VT,58941-4107
K,Baxter,4827 Lands Ends Ct.,Evansville,RI,81670-5630
F,King,3538 Hope Rd.,San Diego,CT,36145-2921
Harry,Huntley,1578 Outpost Ln.,Battle Creek,PA,14723-2545
Wolfgang,Elkins,1756 Sunset Pk.,Lansing,CT,45692-9672
Ronald,Railey,8504 Misty Morning Dr.,Aurora,MA,12787-2387
Wilnar,Morse,8217 Heyward St.,Los Angeles,CT,45218-9076
Amy,Clay,9555 Windflower Ct.,Pensalcola,MA,29890-9470
Emilio,Marks,6839 Mockingbird Ln.,West Palm Beach,ME,09236-5070
Missy,Tracy,1797 Turrett Shell Dr.,Harrisburg,CT,87634-9852
Ronald,Epling,7147 Horseman Ln.,Alexandria,ME,41478-1236
Edna,Herndon,4765 Ley Rd.,Laredo,MA,65812-5290
Blue Moon,Pierce,8796 Oakmarsh Dr.,Hackensack,MA,21416-5634
Craig,MacNeal,1514 Devonshire,Colorado Springs,MA,23834-3490
Franny,Garrity,6396 Duck Hawk Ln,Kansas City,NY,96767-8929
Sam,Bostwick,6560 Battery Rd.,Trenton,MA,12703-0501
Billy,Heyward,2592 Cypress Marsh,Evansville,NJ,43870-1458
Saul,Blakewood,464 Club Course Ln.,Panama City,MA,87414-5470
Mickola,Kidd,7901 Starfish Dr.,Dallas,CT,96741-8925
B,Laughlin,510 Horseman Ln.,Lexington,MA,27490-5836
L,Olmstead,8923 Mason Dr.,Morristown,ME,76565-6109
Geoff,Collins,352 Heath Dr.,Council Bluffs,NY,32521-6789
Hank,Snow,1978 Lands Ends Ct.,Scarsdale,CT,56707-6547
B,Evans,3133 Oakmarsh Dr.,Battle Creek,RI,10569-4729
Joseph,Patton,7645 Wildwood Rd.,North Hollywood,CT,03432-9472
Jana,Huntley,3689 Surf Court,Dallas,VT,29032-1412
Elaine,Knight,8232 Headlands Dr.,Jekyll Island,CT,63476-9852
Luke,Deardorff,886 Gumtree Rd.,Winter Haven,MA,30729-6325
Maurice,Tait,1075 Governors Rd.,Queens,VT,01656-7250
Hildur,Merritt,7134 Misty Morning Dr.,Hudson,NY,16329-0147
H,O'Leary,4352 Hariston Green,Rome,VT,23058-7870
Joe,Canady,7853 Ley Rd.,Pittsburgh,ME,61874-3854
A,Garrity,3490 Scarborough Head Rd.,Niagara Falls,MA,92121-0365
Jill,Bishop,8989 Oak Ave.,Asbury Park,NH,85832-1618
Claude,Howell,9367 Club Course Ln.,Marion,MA,83216-1872
Bernard,Stewart,6158 Fiddlers Cove,Cincinnati,MA,54329-8943
Bosta,Brown,2277 Rusty Rail Ln.,Louisville,MA,09658-3634
Elmer,Rentz,6087 Bear Creek Rd.,Peoria,NY,49472-9434
Maynard,Hancock,7628 Calibogue Cay,Clover,MA,76745-8347
Maryanne,Henry,1680 Bear Creek Rd.,Melbourne,VA,34909-2765
Carmen,Johnson,3177 Turtle Ln.,West Palm Beach,MA,29878-7878
Woody,Pearson,804 Towhee Rd.,Fort Dix,RI,21230-5696
Joseph,Mobley,9906 Oyster Catcher Rd.,Joplin,MA,12545-8787
Elaine,Palmer,1892 Dewberry Ln.,Charlotte,NH,43690-5232
Bernard,Bunton,6610 River St.,Thomasville,ME,87278-3016
Cardio,Johnson,5979 Scarborough Head Rd.,Houston,RI,27098-3092
Isabelle,Beebe,5598 Sea Olive Ln,Cincinnati,MA,32367-6381
G,Brennan,8286 Lakeshore Dr.,Amarillo,RI,10567-2121
George,Wall,1653 Acorn Ln.,Savanah,ME,63438-5076
Anita,Price,5584 Dogwood Dr.,East St. Louis,MA,61696-3012
Albert,White,2909 Bow Circle,Schnectady,NH,83054-1490
Nero,Anderson,3014 Outpost Ln.,San Francisco,RI,49456-9476
Leslie,Oxnard,5221 Ocean Walk,Pensalcola,CT,25856-7878
Arnold,Boykin,6793 Rusty Rail Ln.,Eau Claire,CT,49450-5692
Claude,Stuckey,2114 Habernathy Way,Kansas City,MA,49236-3032
Leigh,Miller,4992 Heyward St.,Nashville,MA,92769-0549
W,Elkins,9509 Edgewood Dr.,Americaus,CT,36745-2141
M,Lastinger,7964 Bush Ave,Galveston,ME,94583-4721
Hilary,Wilson,9928 Belinger Hill,Philadelphia,NY,32785-8149
Ibrahim,Beach,9392 Springwood Ln.,Chapel Hill,VT,50549-4303
Prendo,Tyson,5403 Hickory Cove,Grand Rapids,VT,72703-8127
Wallaby,McAleer,8993 Paynesville Rd.,Kalamazoo,NJ,89458-1254
Max,Curtin,5591 Heyward St.,Paducah,MD,63656-5678
Scooter,Beck,4454 Calibogue Cay,Sacramento,RI,92947-8149
Arnold,Briggs,8635 Sea Olive Ln,Tampa,VT,69472-3618
Wilbur,Eastwood,2600 Towhee Rd.,Asbury Park,CT,36789-0905
Katrina,Mullen,1021 Heron St.,Augusta,OH,56763-8349
S,Page,3943 Wildwood Rd.,Los Angeles,MA,94963-4509
S,Thayer,8302 Deerfield Rd.,Wichita,RI,41070-7234
Evian,Springs,2529 Big Woods Dr.,St. Louis,MA,14969-6981
Arlene,Jefferson,2834 Oyster Reef,Chatanooga,MA,34349-8969
Rodney,River,8768 Club Course Ln.,Elizabeth,RI,12321-6745
Yousef,Ingram,263 Big Woods Dr.,Tallahassee,MA,32123-8967
Scout,Sanger,239 Hariston Green,Springfield,RI,69036-3090
M,Zarpentine,2824 Ley Rd.,Asbury Park,CT,32903-6361
Timothy,Kitty,5417 Oyster Reef,San Fernando,CT,10905-2547
Leighton,Patterson,1318 Hunter Dr.,Albany,VT,50945-0109
Heyward,Walter,1 Spindle Ln,Ithaca,NH,50987-2987
Andrea,Starzec,2658 Woodbine Pl.,Decatur,NY,52127-6969
Diane,Abbot,6434 Wisteria Lane,Tacoma,VT,72787-2343
Collin,Kirkland,2602 New Orleans Rd.,Corpus Christi,VA,89656-5232
Woody,James,2136 Cliff Ct.,Augusta,VT,52547-0907
R,Blount,3904 Marblehead Dr.,Americaus,VT,03698-9856
Philip,Swims,7414 Sharon Lakes,Fort Myers,VT,72945-6367
Anthony,Jefferson,7986 Heyward St.,Roanoke,CT,47012-3054
Coliton,Swims,1301 Towhee Rd.,Fort Myers,MA,56549-6945
Milo,Jeffcoat,19 New Orleans Rd.,Raleigh,NJ,01878-1654
Thadeus,Deal,8039 Sprunt Pond Rd.,Moultrie,MA,89858-3096
M,Shoemaker,8501 Cypress Marsh,Fort Pierce,OH,14341-0567
A,Rentz,800 Gumtree Rd.,New Orleans,MA,52981-4703
V,Boni,9393 Oyster Reef,Utica,RI,29434-5454
Grant,Kelehear,8274 Kingston Rd.,Daytona Beach,MA,67474-5216
Lucille,Springs,198 Ketch Dr.,Flint,NH,16921-6705
Yousef,Herndon,7096 Lakeshore Dr.,Laredo,MA,63658-5474
Tni,Zanetti,9892 Mayflower Dr.,El Paso,RI,94323-2169
Sadie,Clegg,4862 Sea Olive Ln,Vancouver,VT,16987-8381
Keith,Tyson,9050 Maplewood Ct,Salisbury,CT,98345-8721
Hosan,Gordon,5577 Habernathy Way,Panama City,VT,69614-3434
Dudley,Miller,2476 Oakmarsh Dr.,Columbia,CT,05270-5810
H,Yoder,4268 Quincy Ln,Syracuse,CT,74761-8107
Jess,Bishop,4142 Acorn Ln.,Poughkeepsie,MA,90505-6583
L,Wade,521 Oyster Catcher Rd.,Hudson,ME,43052-5876
Caddell,Bunton,1188 Cutter Ct.,Manhattan,MA,74163-0941
Beth,Bolden,7759 Ley Rd.,Alexandria,RI,90143-0703
Barry,Newton,4400 Wild Horse Rd.,Encino,MA,01414-3692
Thad,Thayer,8167 Dogwood Dr.,Trenton,CT,47252-7690
Gilbert,Muir,9166 Big Woods Dr.,Clanton,RI,36945-4361
Joan,Pinckney,6544 Compass Pt.,Decatur,NH,56921-8527
Page,Mack,3002 Hariston Green,Des Moines,ME,96161-2561
Eli,Bull,406 Main,Buffalo,CT,18705-2565
Leo,Bolden,8959 Bear Creek Rd.,Queens,PA,81638-3016
Nat,Dekle,6516 River St.,Springfield,MA,14567-0965
Amy,Shannon,3238 Sharon Lane,Panama City,ME,45670-3832
Maxine,Hall,908 Misty Morning Dr.,Galveston,CT,41096-3472
Bosta,Mcintosh,2293 Heath Dr.,Tryon,ME,65430-5698
Ernest,Epling,5831 Woodhaven Dr.,Wake Forest,VA,23672-1018
Norbert,Ranger,5052 South Beach Lane,Lincoln,MA,56707-0149
Jeff,Murphy,9509 Dogwood Dr.,Urbana,CT,03274-3470
Luke,Deardorff,886 Gumtree Rd.,Winter Haven,MA,30729-6325
L,Senden,1218 Beach Lagoon Rd.,Lincoln,RI,01616-5296
Ben,Hudson,898 Squire Pope Rd.,Tulsa,MA,16301-2123
Louis,McCracken,7231 Ketch Dr.,Joliet,MA,23034-9852
Victor,Reeves,4949 Pine Arbor Ln.,Gastonia,RI,85416-1856
Franny,Wall,1873 Ley Rd.,Wilmington,VT,54165-4385
C,Bailey,2385 Deerfield Rd.,Kansas City,MA,09654-5618
Ellis,Ray,6595 Sharon Amitty,Peoria,MA,34721-4389
Carmen,Johnson,3177 Turtle Ln.,West Palm Beach,MA,29878-7878
Elaine,Trent,7788 Gloucester Rd.,Council Bluffs,NJ,12363-2721
Renada,Wakefield,2576 Turrett Shell Dr.,High Point,RI,87078-9674
Dallas,Howard,3511 Shorewood Dr.,Indianapolis,CT,32305-6569
Howard,Sanders,5061 Queens Grant,Minneapolis,CT,10509-2367
Kathy,Kerby,3330 Phillips Hill Rd.,Moorestown,NJ,63432-1676
Kathryn,King,7069 Bear Creek Rd.,Columbus,VT,25676-5636
Brennen,Barwise,9765 Lakeshore Dr.,Roanoke,MA,49074-1894
Daniel,Rhoad,2415 Ocean Walk,Wilkes-Barre,VT,92767-8707
Bruce,Burr,7792 Habernathy Way,Birmingham,NJ,94581-8107
Byron,Moller,3077 Lakeshore Dr.,Arlington,RI,50367-2965
Gloria,Owens,3386 Brams Pt.,LaGrange,ME,72365-4587
Guy,Smiley,8122 Rookery Way,Amarillo,CT,89252-3698
Hank,Coupe,6937 Cutter Ct.,Elizabeth,RI,63656-1298
Luann,Bunton,2523 Hunter Dr.,Pasadena,CT,69472-1818
Kathy,Morse,1529 New River Rd.,Statesboro,CT,41012-3474
Gil,Barwise,5628 Habernathy Way,Schnectady,VT,34341-4785
Jackie,Eastwood,8952 Wells East Dr.,Indianapolis,NH,12145-0301
Helga,Anderson,7726 Trails End,St. Simon's Island,MA,30965-4745
Peyton,Bevis,8027 Lions Pass,East St. Louis,CT,69034-5034
Floyd,Myers,3946 Wild Horse Rd.,Houston,RI,50965-2163
Andrea,Starzec,2658 Woodbine Pl.,Decatur,NY,52127-6969
Ellen,Adams,2200 Oyster Reef,Columbia,CT,52343-4547
Judi,Richardson,8890 Oakmarsh Dr.,Detroit,ME,72927-8785
Milo,Jeffcaot,19 New Orleans Rd.,Raleigh,NJ,01878-1654
Wilnar,Lee,1820 Deer Run,Long Island,MA,89838-5678
Bernard,Simmons,3428 Wren Dr.,Wilmington,OH,52901-6767
Donn,Short,8287 Teal Ln,Trenton,NJ,67252-9636
Ted,Fischer,2486 Duck Hawk Ln,Knoxville,CT,16787-2721
Sadie,Clegg,4862 Sea Olive Ln,Vancouver,VT,16987-8381
Bert,Horton,1491 Armada,Rochester,MA,98341-8723
Alfonso,Williams,20 Wisteria Lane,Duluth,RI,05032-9478
Lars,Odum,9431 The Greens,Morristown,VT,41814-1054
Caddell,Bunton,1188 Cutter Ct.,Manhattan,MA,74163-0941
Beth,Bolden,7759 Ley Rd.,Alexandria,RI,90143-0703
Anita,Craig,108 Heyward St.,Green Bay,VT,01278-7456
Thad,Thayer,8167 Dogwood Dr.,Trenton,CT,47252-7690
Julia,Smith,7761 Lillien Rd.,Long Island,CT,18543-6149
Fran,Winters,8857 Outpost Ln.,Seattle,CT,81450-3894
Nat,Dekle,6516 River St.,Springfield,MA,14567-0965
A,Mcintosh,6785 Turtle Ln.,Aurora,CT,65414-1670
Nat,Boni,8818 Battery Rd.,Nashville,NH,23654-5094
Maxine,Christopher,8637 Woodhaven Dr.,Fresno,MA,56583-0101
Penny,Carlisle,9163 Palmetto Bay Rd.,Montgomery,MA,03212-3696
Hogan,Hill,3896 Mockingbird Ln.,Omaha,NH,21852-3814
Ruben,Miller,635 Sharon Amitty,San Fernando,MA,98523-2921
Baynard,Orton,4328 Misty Morning Dr.,Lincoln,CT,85410-9854
Borris,Risk,635 Turrett Shell Dr.,Greensboro,NY,54161-0765
Jethro,Fripp,6323 Tanglewood,Syracuse,CT,29872-5238
Wagener,Taylor,2684 Dogwood Dr.,Hollywood,CT,87074-1678
Edna,Canady,2076 Wildwood Rd.,Pittsburgh,ME,63296-1618
Eddie,Hodge,1283 Devonshire,Columbia,MA,25638-7478
Daniel,Rhoad,2415 Ocean Walk,Wilkes-Barre,VT,92767-8707
Phil,Barrenbrugge,2018 Mariners Way,Marietta,NH,94567-8701
Lance,Tegenborg,1846 Hickory Street,Huntsville,VT,50325-8903
Red Feather,Short,2155 Stones Throw Dr.,Bloomingham,OH,72341-0547
Kathy,Morse,1529 New River Rd.,Statesboro,CT,41012-3474
Peyton,Bevis,8027 Lions Pass,East St. Louis,CT,69034-5034
Donn,Short,8287 Teal Ln,Trenton,NJ,67252-9636
Suzanne,Shoemaker,9211 Stones Throw Dr.,Goldsboro,MA,16947-8381
Jean,Graves,7400 New Orleans Rd.,San Francisco,CT,90101-6783
J,Murphy,7128 Sea Olive Ln,Marietta,CT,18501-6383
Rita,Bostwick,1763 Squire Pope Rd.,Toledo,MA,14383-2587
Wilnar,James,7288 Battery Rd.,Cicero,MA,65210-5092
Arnold,Zarpentine,9531 Lands Ends Ct.,Poughkeepsie,MD,23614-3830
Theodore,Huntley,7911 Queens Rd.,Dallas,CT,21654-9274
Ruben,Miller,635 Sharon Amitty,San Fernando,MA,98523-2921
Ray,Tyson,7379 Teal Ln,Winter Haven,NH,85298-9450
Micah,Fedorko,8029 Hickory Cove,Key West,CT,54145-4527
F,Brennan,3269 Acorn Ln.,Albany,CT,29630-5690
Tammy,Ellis,5837 Headlands Dr.,Gastonia,RI,87030-1494
Brendaline,Kelehear,9829 Fiddlers Cove,Eureka,NY,63230-7690
Ken,Bull,4003 Abercorn Circle,Akron,NY,25612-7256
Scott,Richardson,1693 Cutter Ct.,Statesboro,NH,92327-2929
Gregory,Stephens,456 Club Course Ln.,Melbourne,NJ,94549-4741
Mark,Paul,4818 Lillien Rd.,Philadelphia,CT,50147-4105
Guyton,Ulrich,3971 Sunset Pk.,Fort Wayne,MA,70569-4345
Renada,Harper,9360 Tanglewood,Key West,ME,38967-0545
Desi,Pinckney,3283 Belinger Hill,Bainbridge,VT,67832-1010
Edna,Huggins,7495 Kingston Rd.,Waco,NJ,67030-7474
Baynard,Muir,1162 Oak Ave.,Austin,NJ,16945-6569
Edith,Pierce,9861 New River Rd.,Flint,NH,18383-0301
Claude,Sellers,5716 Windflower Ct.,Waco,NH,65058-1634
Bruce,McCracken,8277 Lamb St.,El Paso,VT,21496-3852
Rodney,Garrity,619 Lillien Rd.,Kansas City,CT,98389-8781
Isabelle,Tupman,4233 Tupelo Rd.,Raleigh,MA,85214-1290
Lance,Infinger,489 Heath Dr.,White Plains,MA,87016-9652
Morris,Parker,2590 Abercorn Circle,Scarsdale,MD,25472-3094
Debbie,Hunter,2190 Quincy Ln,Huntsville,MA,94369-4305
Trish,Kuechler,9841 Pine Arbor Ln.,Utica,MD,49894-3278
Garza,George,2297 Fallen Arrow Rd.,Americaus,ME,70149-0767
Edith,Clay,5314 Rusty Rail Ln.,Fort Worth,MA,38963-8941
Arabelle,Craig,193 Pope Greenwood,Ashboro,RI,18187-0329
Bernard,Sweeney,6594 Oak Ave.,Columbia,VT,21496-1252
Edna,Garrity,1599 Quincy Ln,Morristown,CT,98347-0705
Stan,Infinger,5556 Mayflower Dr.,Clanton,CT,85070-3074
Eugene,Bostwick,3029 Misty Morning Dr.,Alexandria,CT,25272-5894
Shirley,Coupe,3290 Surf Ct.,Cicero,MA,69814-1696
Austin,Grant,7070 Headlands Dr.,Hollywood,CT,38921-0965
Dune,Magic,5101 Lands Ends Ct.,Laredo,VT,83658-3474
Emerson,Golden,6023 Wisteria Lane,Fort Myers,CT,25234-1636
